label_range,var_type,embargoed,count,sum,p
<0,awareness,FALSE,571,9589,0.0595473980602774
<0,awareness,TRUE,56,1940,0.0288659793814433
0-1,test,FALSE,104,5842,0.0178021225607669
0-1,test,TRUE,42,1457,0.0288263555250515
0-1,integration,FALSE,1062,5842,0.181787059226292
0-1,integration,TRUE,339,1457,0.232669869595058
0-1,awareness,FALSE,8174,9589,0.852435081864637
0-1,awareness,TRUE,108,1940,0.0556701030927835
1-7,test,FALSE,933,5842,0.159705580280726
1-7,test,TRUE,490,1457,0.336307481125601
1-7,integration,FALSE,1841,5842,0.315131804176652
1-7,integration,TRUE,739,1457,0.507206588881263
1-7,awareness,FALSE,275,9589,0.0286786943372614
1-7,awareness,TRUE,552,1940,0.284536082474227
7-30,test,TRUE,706,1457,0.484557309540151
7-30,test,FALSE,2775,5842,0.47500855871277
7-30,integration,TRUE,220,1457,0.150995195607412
7-30,integration,FALSE,1359,5842,0.232625813077713
7-30,awareness,FALSE,316,9589,0.0329544269475441
7-30,awareness,TRUE,799,1940,0.411855670103093
30-90,test,FALSE,1002,5842,0.171516603902773
30-90,test,TRUE,131,1457,0.089910775566232
30-90,integration,FALSE,640,5842,0.109551523450873
30-90,integration,TRUE,88,1457,0.060398078242965
30-90,awareness,TRUE,287,1940,0.147938144329897
30-90,awareness,FALSE,134,9589,0.0139743456043383
90+,test,FALSE,1028,5842,0.175967134542965
90+,test,TRUE,88,1457,0.060398078242965
90+,integration,FALSE,940,5842,0.16090380006847
90+,integration,TRUE,71,1457,0.0487302676733013
90+,awareness,FALSE,119,9589,0.0124100531859422
90+,awareness,TRUE,138,1940,0.0711340206185567
<0,user-waiting,FALSE,441,5360,0.0822761194029851
<0,user-waiting,TRUE,43,1427,0.0301331464611072
<0,user-unawareness,FALSE,222,6009,0.036944583125312
<0,user-unawareness,TRUE,11,1591,0.00691389063482087
0-1,user-waiting,FALSE,3234,5360,0.603358208955224
0-1,user-waiting,TRUE,730,1427,0.51156271899089
0-1,user-unawareness,FALSE,171,6009,0.0284573140289566
0-1,user-unawareness,TRUE,11,1591,0.00691389063482087
1-7,user-waiting,TRUE,258,1427,0.180798878766643
1-7,user-waiting,FALSE,473,5360,0.0882462686567164
1-7,user-unawareness,FALSE,1371,6009,0.228157763354968
1-7,user-unawareness,TRUE,214,1591,0.134506599622879
7-30,user-waiting,FALSE,1066,5360,0.198880597014925
7-30,user-waiting,TRUE,340,1427,0.238262088297127
7-30,user-unawareness,FALSE,2179,6009,0.362622732567815
7-30,user-unawareness,TRUE,830,1591,0.521684475172847
30-90,user-waiting,FALSE,79,5360,0.0147388059701493
30-90,user-waiting,TRUE,33,1427,0.02312543798178
30-90,user-unawareness,TRUE,345,1591,0.216844751728473
30-90,user-unawareness,FALSE,1026,6009,0.170743884173739
90+,user-waiting,FALSE,67,5360,0.0125
90+,user-waiting,TRUE,23,1427,0.0161177295024527
90+,user-unawareness,FALSE,1040,6009,0.17307372274921
90+,user-unawareness,TRUE,180,1591,0.11313639220616
