label_range,group,var_type,count,sum,p
0-1,Debian,test,4348,7275,0.59766323024055
7-30,Debian,test,1171,7275,0.160962199312715
90+,Debian,test,521,7275,0.0716151202749141
1-7,Debian,test,476,7275,0.0654295532646048
30-90,Debian,test,759,7275,0.104329896907217
90+,Fedora,test,1226,7907,0.15505248513975
0-1,Fedora,test,158,7907,0.019982294169723
1-7,Fedora,test,1506,7907,0.190464145693689
7-30,Fedora,test,3778,7907,0.477804477045656
30-90,Fedora,test,1239,7907,0.156696597951183
1-7,Debian,integration,1642,7275,0.225704467353952
7-30,Debian,integration,1682,7275,0.231202749140894
0-1,Debian,integration,2188,7275,0.300756013745704
90+,Debian,integration,919,7275,0.126323024054983
30-90,Debian,integration,844,7275,0.116013745704467
0-1,Fedora,integration,1595,7907,0.201719994941191
90+,Fedora,integration,1110,7907,0.140381940053117
1-7,Fedora,integration,2737,7907,0.346148981914759
30-90,Fedora,integration,774,7907,0.09788794738839
7-30,Fedora,integration,1691,7907,0.213861135702542
0-1,Debian,awareness,2644,8927,0.296180127702476
<0,Debian,awareness,3058,8927,0.342556289907024
1-7,Debian,awareness,1509,8927,0.169037750644113
90+,Debian,awareness,322,8927,0.0360703483813151
7-30,Debian,awareness,986,8927,0.110451439453344
30-90,Debian,awareness,408,8927,0.0457040439117285
30-90,Fedora,awareness,494,12882,0.0383480825958702
<0,Fedora,awareness,724,12882,0.056202453035243
0-1,Fedora,awareness,9269,12882,0.719531128706723
7-30,Fedora,awareness,1174,12882,0.0911349169383636
90+,Fedora,awareness,321,12882,0.0249184909175594
1-7,Fedora,awareness,900,12882,0.0698649278062413
<0,Fedora,user-unawareness,268,8278,0.0323749697994685
<0,Debian,user-waiting,980,2919,0.335731414868106
<0,Debian,user-unawareness,1080,7833,0.137878207583301
<0,Fedora,user-waiting,526,7353,0.0715354277165783
0-1,Debian,user-unawareness,522,7833,0.0666411336652624
0-1,Fedora,user-waiting,4223,7353,0.574323405412757
0-1,Fedora,user-unawareness,214,8278,0.0258516549891278
0-1,Debian,user-waiting,254,2919,0.0870161014045906
1-7,Debian,user-unawareness,1606,7833,0.20503000127665
1-7,Fedora,user-unawareness,1730,8278,0.208987678183136
1-7,Debian,user-waiting,1108,2919,0.379582048646797
1-7,Fedora,user-waiting,769,7353,0.104583163334693
7-30,Debian,user-unawareness,1878,7833,0.239754883186519
7-30,Debian,user-waiting,375,2919,0.12846865364851
7-30,Fedora,user-unawareness,3257,8278,0.393452524764436
7-30,Fedora,user-waiting,1613,7353,0.219366245070039
30-90,Fedora,user-unawareness,1478,8278,0.178545542401546
30-90,Debian,user-unawareness,1492,7833,0.19047619047619
30-90,Debian,user-waiting,139,2919,0.0476190476190476
30-90,Fedora,user-waiting,124,7353,0.0168638650890793
90+,Fedora,user-unawareness,1331,8278,0.160787629862286
90+,Debian,user-unawareness,1255,7833,0.160219583812077
90+,Debian,user-waiting,63,2919,0.0215827338129496
90+,Fedora,user-waiting,98,7353,0.013327893376853